ID,英文名稱,中文名稱,圖片,修訂日期,更新日期
3167092,absolute pressure,絕對壓[強]；絕對壓[力],,,2017-07-24
3167093,absolute temperature,絕對溫度,,,2017-07-24
3167094,absolute zero,絕對零度,,,2017-07-24
3167095,absorption spectrum,吸收譜,,,2017-07-24
3167096,accelerated motion,加速[度]運動,,,2017-07-24
3167097,acceleration,加速度,,,2017-07-24
3167098,acceleration of gravity,重力加速度,,,2017-07-24
3167099,acoustics,聲學,,,2017-07-24
3167100,action,作用；作用力；作用量,,,2017-07-24
3167101,action at a distance,超距力 ； 超距作用,,,2017-07-24
3167102,adhesive force,附著力,,,2017-07-24
3167103,adiabatic process,絕熱過程；緩漸過程,,,2017-07-24
3167104,alpha decay,α衰變；阿爾發衰變,,,2017-07-24
3167105,ammeter,安培計,,,2017-07-24
3167106,ampere,安培,,,2017-07-24
3167107,amplitude,振幅；幅,,,2017-07-24
3167108,Andromeda galaxy,仙女座星系,,,2017-07-24
3167109,angular acceleration,角加速度,,,2017-07-24
3167110,angular displacement,角移,,,2017-07-24
3167111,angular frequency,角頻[率],,,2017-07-24
3167112,angular momentum,角動量,,,2017-07-24
3167113,angular resolution,角分辨度,,,2017-07-24
3167114,angular velocity,角速度,,,2017-07-24
3167115,annihilation,消滅,,,2017-07-24
3167116,anode,陽極,,,2017-07-24
3167117,antineutrino,反微中子；反中微子,,,2017-07-24
3167118,antinode,[波]腹,,,2017-07-24
3167119,antiparticle,反粒子,,,2017-07-24
3167120,aperture,孔；孔徑,,,2017-07-24
3167121,aperture stop,孔徑光闌,,,2017-07-24
3167122,apparent brightness,視亮度,,,2017-07-24
3167123,Archimedes principle,阿基米德原理,,,2017-07-24
3167124,arm of force,力臂,,,2017-07-24
3167125,astronomical unit｛=AU｝,天文單位,,,2017-07-24
3167126,atmospheric pressure,大氣壓強；大氣壓,,,2017-07-24
3167127,atom,原子,,,2017-07-24
3167128,atomic clock,原子鐘,,,2017-07-24
3167129,atomic mass number,原子質量數,,,2017-07-24
3167130,atomic nucleus,原子核,,,2017-07-24
3167131,atomic number,原子序,,,2017-07-24
3167132,attraction,吸引；引力,,,2017-07-24
3167133,Atwood's machine,阿特午機,,,2017-07-24
3167134,AU｛astronomical unit｝,天文單位,,,2017-07-24
3167135,audible frequency,可聽頻率,,,2017-07-24
3167136,aurora,極光,,,2017-07-24
3167137,average acceleration,平均加速度,,,2017-07-24
3167138,average power,平均功率,,,2017-07-24
3167139,average speed,平均速率,,20210616修訂,2021-06-16
3167140,average velocity,平均速度,,,2017-07-24
3167141,background radiation,背景輻射,,,2017-07-24
3167142,ballistic pendulum,衝擊擺,,,2017-07-24
3167143,ballistic transport,無礙傳輸,,,2017-07-24
3167144,Balmer series,巴耳末系,,,2017-07-24
3167145,bar,巴{壓強單位},,,2017-07-24
3167146,barometer,氣壓計,,,2017-07-24
3167147,barred spiral galaxy,棒狀旋星系,,,2017-07-24
3167148,base,基極,,,2017-07-24
3167149,beta decay,β衰變；貝他衰變,,,2017-07-24
3167150,big bang theory,霹靂說；大霹靂理論,,,2017-07-24
3167151,binding energy,結合能；束縛能,,,2017-07-24
3167152,Biot-Savart law,必歐-沙伐定律,,,2017-07-24
3167153,black body radiation,黑體輻射,,,2017-07-24
3167154,blue shift,藍位移,,,2017-07-24
3167155,Bohr radius,波耳半徑,,,2017-07-24
3167156,boiling point,沸點,,,2017-07-24
3167157,bow wave,頭波,,,2017-07-24
3167158,Boyle's law,波以耳定律,,,2017-07-24
3167159,Brackett series,布拉克系,,,2017-07-24
3167160,Bragg angle,布拉格角,,,2017-07-24
3167161,Bragg's law,布拉格定律,,,2017-07-24
3167162,braking radiation,制動輻射,,,2017-07-24
3167163,Brownian motion,布朗運動,,,2017-07-24
3167164,candela,燭光 { 亮度單位},,,2017-07-24
3167165,capacitance,電容,,,2017-07-24
3167166,capacitor,電容[器],,,2017-07-24
3167167,capillarity,毛細作用；毛細現象,,,2017-07-24
3167168,capillary tube,毛細管,,,2017-07-24
3167169,carbon dioxide laser,二氧化碳雷射,,,2017-07-24
3167170,carrier,載子,,,2017-07-24
3167171,Cassegrain telescope,卡士格冉望遠鏡,,,2017-07-24
3167172,cathode,陰極；負極,,,2017-07-24
3167173,cathode ray,陰極射線,,,2017-07-24
3167174,cathode ray tube,陰極射線管,,,2017-07-24
3167175,cavity,[空]腔,,,2017-07-24
3167176,CCD｛charge-coupled device｝,電荷耦合元件,,,2017-07-24
3167177,celestial sphere,天球,,,2017-07-24
3167178,Celsius degree,攝[氏]度,,,2017-07-24
3167179,Celsius scale,攝氏溫標,,,2017-07-24
3167180,Celsius temperature scale,攝氏溫標,,,2017-07-24
3167181,center of curvature,曲率中心,,,2017-07-24
3167182,center of gravity,重心,,,2017-07-24
3167183,center of mass,質心,,,2017-07-24
3167184,centimeter,公分；厘米,,,2017-07-24
3167185,central processing unit{=CPU},中央處理器,,,2017-07-24
3167186,centripetal acceleration,向心加速度,,,2017-07-24
3167187,centripetal force,向心力,,,2017-07-24
3167188,chain reaction,連鎖反應,,,2017-07-24
3167189,channel,頻道；通道,,,2017-07-24
3167190,characteristic spectrum,特徵光譜,,,2017-07-24
3167191,charge,[電]荷,,,2017-07-24
3167192,charge-coupled device｛=CCD｝,電荷耦合元件,,,2017-07-24
3167193,Charles' law,查爾斯定律,,,2017-07-24
3167194,charm,魅數,,,2017-07-24
3167195,chip,晶片,,,2017-07-24
3167196,cholesteric liquid crystal,膽固醇型液晶,,,2017-07-24
3167197,chromatic dispersion,色散,,,2017-07-24
3167198,circular frequency,圓頻[率],,,2017-07-24
3167199,cladding,包覆層,,,2017-07-24
3167200,classical mechanics,古典力學,,,2017-07-24
3167201,classical physics,古典物理[學],,,2017-07-24
3167202,closed circuit,閉路,,,2017-07-24
3167203,cluster,團；集團；星團；星系團,,,2017-07-24
3167204,cobalt,鈷,,,2017-07-24
3167205,coefficient of kinetic friction,動摩擦係數,,,2017-07-24
3167206,coefficient of linear expansion,線膨脹係數,,,2017-07-24
3167207,coefficient of restitution,恢復係數,,,2017-07-24
3167208,coefficient of static friction,靜摩擦係數,,,2017-07-24
3167209,cohesive force,內聚力,,,2017-07-24
3167210,collector,集[電]極；集流器,,,2017-07-24
3167211,collision,碰撞,,,2017-07-24
3167212,commutator,交換子；交換算符；對易算符；換向器,,,2017-07-24
3167213,component,分量,,,2017-07-24
3167214,compound light,複合光,,,2017-07-24
3167215,compound microscope,複顯微鏡,,,2017-07-24
3167216,compression,壓縮,,,2017-07-24
3167217,compression wave,壓縮波,,,2017-07-24
3167218,concave lens,凹透鏡,,,2017-07-24
3167219,concave mirror,凹面鏡,,,2017-07-24
3167220,condensation point,凝[結]點,,,2017-07-24
3167221,condensed matter,凝體,,,2017-07-24
3167222,conduction,傳導,,,2017-07-24
3167223,conduction band,導帶,,,2017-07-24
3167224,conductor,導體,,,2017-07-24
3167225,conservative force,保守力,,,2017-07-24
3167226,constructive interference,建設性干涉,,,2017-07-24
3167227,continuous spectrum,連續[光]譜,,,2017-07-24
3167228,convection,對流,,,2017-07-24
3167229,converging lens,會聚透鏡,,,2017-07-24
3167230,convex lens,凸透鏡,,,2017-07-24
3167231,convex mirror,凸面鏡,,,2017-07-24
3167232,coordinate,坐標,,,2017-07-24
3167233,Coriolis' force,柯氏力,,,2017-07-24
3167234,corpuscle,微粒,,,2017-07-24
3167235,corpuscular theory,微粒說,,,2017-07-24
3167236,cosfficient of kinetic friction,動摩擦係數,,,2017-07-24
3167237,cosmic microwave background radiaton,宇宙微波背景輻射,,,2017-07-24
3167238,Coulomb blockade,庫侖障礙,,,2017-07-24
3167239,Coulomb's law,庫侖定律,,,2017-07-24
3167240,CPU{central processing unit},中央處理器,,,2017-07-24
3167241,crest,[波]峰,,,2017-07-24
3167242,critical angle,臨界角,,,2017-07-24
3167243,critical temperature,臨界溫度,,,2017-07-24
3167244,current,流；電流,,,2017-07-24
3167245,current loop,電流迴路,,,2017-07-24
3167246,current strength,電流強度,,,2017-07-24
3167247,cut-off voltage,截止電壓,,,2017-07-24
3167248,cyclotron,迴旋加速器,,,2017-07-24
3167249,cyclotron frequency,迴旋頻率,,,2017-07-24
3167250,dB{decibel},分貝,,,2017-07-24
3167251,deceleration,減速度,,,2017-07-24
3167252,decibel {=DB},分貝,,,2017-07-24
3167253,declination,偏角；偏差；赤緯,,,2017-07-24
3167254,depletion region,空乏區,,,2017-07-24
3167255,derived quantity,導出量,,,2017-07-24
3167256,derived unit,導出單位,,,2017-07-24
3167257,destructive interference,破壞性干涉,,,2017-07-24
3167258,diamagnetism,抗磁性；反磁性,,,2017-07-24
3167259,diesel engine,柴油機,,,2017-07-24
3167260,diffraction,繞射,,,2017-07-24
3167261,diffuse reflection,漫[反]射,,,2017-07-24
3167262,diffusion,擴散,,,2017-07-24
3167263,dimension,維[度]；因次；尺度,,,2017-07-24
3167264,diode,二極體；二極管,,,2017-07-24
3167265,discrete spectrum,離散譜,,,2017-07-24
3167266,dispersion,色散；頻散；瀰散,,,2017-07-24
3167267,displacement,位移,,,2017-07-24
3167268,dissipative force,耗散力,,,2017-07-24
3167269,dissociation,解離,,,2017-07-24
3167270,disturbance,擾動；擾亂,,,2017-07-24
3167271,diverging lens,發散透鏡,,,2017-07-24
3167272,donor,施子,,,2017-07-24
3167273,doping,參雜,,,2017-07-24
3167274,Doppler effect,都卜勒效應,,,2017-07-24
3167275,down quark,下夸克,,,2017-07-24
3167276,drift velocity,漂移速度,,,2017-07-24
3167277,duality,二象性；對偶性,,,2017-07-24
3167278,dynamic equilibrium,動態平衡,,,2017-07-24
3167279,dynamics,動力學,,,2017-07-24
3167280,dyne,達因,,,2017-07-24
3167281,earth,地；接地,,,2017-07-24
3167282,Earth,地球,,,2017-07-24
3167283,echo,回聲；回波,,,2017-07-24
3167284,eddy current,渦流；渦[電]流,,,2017-07-24
3167285,elastic collision,彈性碰撞,,,2017-07-24
3167286,elastic force,彈[性]力,,,2017-07-24
3167287,elastic potential,彈性勢,,,2017-07-24
3167288,elastic potential energy,彈性位能,,,2017-07-24
3167289,electric current,電流,,,2017-07-24
3167290,electric field,電場,,,2017-07-24
3167291,electric field line,電場線,,,2017-07-24
3167292,electric field strength,電場強度,,,2017-07-24
3167293,electric force,電[場]力,,,2017-07-24
3167294,electric generator,發電機,,,2017-07-24
3167295,electric motor,電動機,,,2017-07-24
3167296,electric potential,電位；電勢,,,2017-07-24
3167297,electric potential difference,電位差；電勢差,,,2017-07-24
3167298,electric potential energy,電位能；電勢能,,,2017-07-24
3167299,electric resistance,電阻,,,2017-07-24
3167300,electricity,電；電學,,,2017-07-24
3167301,electrodynamics,電動力學,,,2017-07-24
3167302,electromagnet,電磁鐵；電磁體,,,2017-07-24
3167303,electromagnetic induction,電磁感應,,,2017-07-24
3167304,electromagnetic spectrum,電磁波譜,,,2017-07-24
3167305,electromagnetic wave,電磁波,,,2017-07-24
3167306,electromagnetism,電磁學；電磁,,,2017-07-24
3167307,electromotive force {=emf},電動勢,,,2017-07-24
3167308,electron,電子,,,2017-07-24
3167309,electron-positron annihilation,電子正子對滅,,,2017-07-24
3167310,electrostatic field,靜電場,,,2017-07-24
3167311,electrostatic force,靜電力,,,2017-07-24
3167312,electrostatic induction,靜電感應,,,2017-07-24
3167313,electrostatics,靜電學,,,2017-07-24
3167314,element,元素；元件；元,,,2017-07-24
3167315,elemental semiconductor,元素半導體,,,2017-07-24
3167316,elementary charge,元電荷；基本電荷,,,2017-07-24
3167317,elementary particle,基本粒子,,,2017-07-24
3167318,ellipse,橢圓,,,2017-07-24
3167319,emf{electromotive force},電動勢,,,2017-07-24
3167320,emission,發射,,,2017-07-24
3167321,emission spectrum,發射[光]譜,,,2017-07-24
3167322,emitter,射極；發射體；發射器,,,2017-07-24
3167323,energy,能[量],,,2017-07-24
3167324,energy gap,能隙,,,2017-07-24
3167325,energy level,能階,,,2017-07-24
3167326,envelope,包络；包封,,,2017-07-24
3167327,equation of continuity,連續[性]方程[式],,,2017-07-24
3167328,equation of motion,運動方程[式],,,2017-07-24
3167329,equilibrium,平衡,,,2017-07-24
3167330,equivalent resistance,等效電阻,,,2017-07-24
3167331,escape velocity,脫離速度,,,2017-07-24
3167332,ether,以太,,,2017-07-24
3167333,excitation energy,激發能,,,2017-07-24
3167334,excited state,激發態,,20220111修訂,2022-07-15
3167335,external force,外力,,,2017-07-24
3167336,extrinsic semiconductor,雜質半導體,,,2017-07-24
3167337,eye-lens,目鏡,,,2017-07-24
3167338,Fahrenheit scale,華氏溫標,,,2017-07-24
3167339,Fahrenheit's temperature scale,華氏溫度,,,2017-07-24
3167340,farad,法拉 { 電容單位},,,2017-07-24
3167341,Faraday's law of electromagnetic induction,法拉第[電磁]感應定律,,,2017-07-24
3167343,femtometer,飛米,,,2017-07-24
3167344,fermion,費米子,,,2017-07-24
3167345,FET{field-effect transistor},場效電晶體,,,2017-07-24
3167346,fiber optics,光纖光學,,,2017-07-24
3167347,fiberscope,光纖鏡,,,2017-07-24
3167348,fictitious force,假想力；虛設力,,,2017-07-24
3167349,field,場,,,2017-07-24
3167350,field-effect transistor{=FET},場效電晶體,,,2017-07-24
3167351,first law of thermodynamics,熱力學第一定律,,,2017-07-24
3167352,fission,[核]分裂；裂變,,,2017-07-24
3167353,fluid,流體；流質,,,2017-07-24
3167354,fluid mechanics,流體力學,,,2017-07-24
3167355,focal length,焦距,,,2017-07-24
3167356,focal point,焦點,,,2017-07-24
3167357,focus,焦點,,,2017-07-24
3167358,force,力,,,2017-07-24
3167359,force constant,力常數,,,2017-07-24
3167360,force couple,力偶,,,2017-07-24
3167361,force of static friction,靜摩擦力,,,2017-07-24
3167362,forward bias,正向偏壓,,,2017-07-24
3167363,Fraunhofer diffraction,夫朗和斐繞射,,,2017-07-24
3167364,free electron,自由電子,,,2017-07-24
3167365,free fall,自由下落,,,2017-07-24
3167366,freezing point,凝固點,,,2017-07-24
3167367,frequency,頻率,,,2017-07-24
3167368,frequency spectrum,頻譜,,,2017-07-24
3167369,friction,摩擦[力],,,2017-07-24
3167370,frictional force,摩擦力,,,2017-07-24
3167371,fuel cell,燃料電池,,,2017-07-24
3167372,Fullerene,富勒體，富勒烯,,,2017-07-24
3167373,fundamental frequency,基頻,,,2017-07-24
3167374,fundamental interaction,基本交互作用,,,2017-07-24
3167375,fundamental quantity,基本量,,,2017-07-24
3167376,fundamental tone,基音,,,2017-07-24
3167377,fusion,[核]融合；聚變；熔化｛熱學｝,,,2017-07-24
3167378,fusion point,熔點,,,2017-07-24
3167379,galaxy,星系,,,2017-07-24
3167380,galaxy cluster,星系團,,,2017-07-24
3167381,Galilean transformation,伽利略變換,,,2017-07-24
3167382,galvanometer,檢流計,,,2017-07-24
3167383,gamma ray,γ射線；伽瑪射線,,,2017-07-24
3167384,gas,氣[體],,,2017-07-24
3167385,gasoline engine,汽油引擎,,,2017-07-24
3167386,gate,閘,,,2017-07-24
3167387,gauge pressure,計示壓,,,2017-07-24
3167388,gauss,高斯｛單位｝,,,2017-07-24
3167389,general relativity,廣義相對論,,,2017-07-24
3167390,geomagnetic pole,地磁極,,,2017-07-24
3167391,geometrical optics,幾何光學；線光學,,,2017-07-24
3167392,globular cluster,球狀星團,,,2017-07-24
3167393,graphene,單層石墨；石墨烯,,,2017-07-24
3167394,gravitation,重力,,,2017-07-24
3167395,gravitational constant,重力常數,,,2017-07-24
3167396,gravitational field,重力場,,,2017-07-24
3167397,gravitational field strength,重力場強度,,,2017-07-24
3167398,gravitational potential energy,重力位能；重力勢能,,,2017-07-24
3167399,gravity,重力,,,2017-07-24
3167400,grazing angle,掠射角,,,2017-07-24
3167401,grid,柵極,,,2017-07-24
3167402,ground state,基態,,,2017-07-24
3167403,half life,半衰期,,,2017-07-24
3167404,half-wave rectifier,半波整流器,,,2017-07-24
3167405,harmonic,諧；諧音；諧波；諧函數,,,2017-07-24
3167406,head-on collision,正[面]碰撞,,,2017-07-24
3167407,heat,熱[量],,,2017-07-24
3167408,heat capacity,熱容,,,2017-07-24
3167409,heat engine,熱機,,,2017-07-24
3167410,heat of melting,熔化熱,,,2017-07-24
3167411,heat of vaporization,氣化熱,,,2017-07-24
3167412,helium-neon laser,氦氖雷射,,,2017-07-24
3167413,He-Ne laser,氦氖雷射,,,2017-07-24
3167414,hertz {=Hz},赫 {每秒週數},,,2017-07-24
3167415,hole,電洞,,,2017-07-24
3167416,holography,全相術；全像術,,,2017-07-24
3167417,Hooke's law,虎克定律,,,2017-07-24
3167418,horse power{=HP},馬力{功率單位},,,2017-07-24
3167419,HP{horse power},馬力{功率單位},,,2017-07-24
3167420,Hubble constant,哈伯常數,,,2017-07-24
3167421,Hubble law,哈伯定律,,,2017-07-24
3167422,Huygens' principle,惠更斯原理,,,2017-07-24
3167423,hydrodynamics,流體動力學,,,2017-07-24
3167424,hydrogen atom,氫原子,,,2017-07-24
3167425,hydrostatic pressure,流體靜壓,,,2017-07-24
3167426,hydrostatics,流體靜力學,,,2017-07-24
3167427,Hz{hertz},赫{每秒週數},,,2017-07-24
3167428,IC{integrated circuit},積體電路,,,2017-07-24
3167429,ice point,冰點,,,2017-07-24
3167430,ideal gas,理想氣體,,,2017-07-24
3167431,image distance,像距,,,2017-07-24
3167432,impact,衝擊；撞擊,,,2017-07-24
3167433,impact parameter,衝擊參數,,,2017-07-24
3167434,impulse,衝量；脈衝；衝擊,,,2017-07-24
3167435,impulsive force,衝力,,,2017-07-24
3167436,inactivity,不活動性；不放射性；不旋光性；無功率,,,2017-07-24
3167437,index of refraction,折射率,,,2017-07-24
3167438,induced current,應電流；感應電流,,20200520修訂,2020-05-20
3167439,induced electric fields,應電場,,,2017-07-24
3167440,induced radiation,誘發輻射,,,2017-07-24
3167441,inelastic collision,非彈性碰撞,,,2017-07-24
3167442,inertia,慣性；慣量,,,2017-07-24
3167443,inflationary universe,暴脹宇宙,,,2017-07-24
3167444,infrared light,紅外光；紅外線,,,2017-07-24
3167445,inner product,內積,,,2017-07-24
3167446,instantaneous acceleration,瞬時加速度,,,2017-07-24
3167447,instantaneous velocity,瞬時速度,,,2017-07-24
3167448,insulator,絕緣體,,,2017-07-24
3167449,integrated circuit{=IC},積體電路,,,2017-07-24
3167450,intensifier,增強器,,,2017-07-24
3167451,intensity,強度,,,2017-07-24
3167452,interference,干涉,,,2017-07-24
3167453,internal combustion engine,內燃機,,,2017-07-24
3167454,internal energy,內能,,,2017-07-24
3167455,internal force,內力,,,2017-07-24
3167456,international system of units,國際單位制,,,2017-07-24
3167457,interstellar dust,星際塵埃,,,2017-07-24
3167458,intrinsic semiconductor,本質半導體,,,2017-07-24
3167459,ion,離子,,,2017-07-24
3167460,ionization,游離；電離,,,2017-07-24
3167461,ionization energy,游離能,,,2017-07-24
3167462,ionosphere,電離層,,,2017-07-24
3167463,irregular galaxy,不規則星系,,,2017-07-24
3167464,isolated system,隔離系[統],,,2017-07-24
3167465,isotope,同位素,,,2017-07-24
3167466,J{joule},焦耳,,,2017-07-24
3167467,joule{=J},焦耳 {能量單位},,,2017-07-24
3167468,Joule's law,焦耳定律,,,2017-07-24
3167469,junction,接面；接點；結,,,2017-07-24
3167470,Jupiter,木星,,,2017-07-24
3167471,kg{kilogram},公斤,,,2017-07-24
3167472,kilogram {=kg},公斤,,,2017-07-24
3167473,kilometer,公里,,,2017-07-24
3167474,kinematics,運動學,,,2017-07-24
3167475,kinetic energy,動能,,,2017-07-24
3167476,kinetic theory of gases,氣體運動論,,,2017-07-24
3167477,Large Magellanic Cloud,大麥哲倫雲,,,2017-07-24
3167478,laser diode,雷射二極體,,,2017-07-24
3167479,laser{light amplification by stimulated emission of radiation},雷射,,,2017-07-24
3167480,latent heat,潛熱,,,2017-07-24
3167481,law of conservation of energy,能量守恆[定]律,,,2017-07-24
3167482,law of inertia,慣性[定]律,,,2017-07-24
3167483,law of reflection,反射[定]律,,,2017-07-24
3167484,law of refraction,折射[定]律,,,2017-07-24
3167485,law of universal gravitation,萬有引力[定]律,,,2017-07-24
3167486,LCD{liquid crystal display},液晶顯示器,,,2017-07-24
3167487,LED{light emitting diode},發光二極體,,,2017-07-24
3167488,LEED{low energy electron diffraction},低能電子繞射,,,2017-07-24
3167489,length,長度,,,2017-07-24
3167490,lens,透鏡,,,2017-07-24
3167491,Lenz's law,冷次定律,,,2017-07-24
3167492,lepton,輕子,,,2017-07-24
3167493,light,光,,,2017-07-24
3167494,light amplification by stimulated emission of radiation{=laser},雷射,,,2017-07-24
3167495,light emitting diode {=LED},發光二極體,,,2017-07-24
3167496,light meter,光計,,,2017-07-24
3167497,light pipe,光導管,,,2017-07-24
3167498,light quantum,光量子,,,2017-07-24
3167499,light reaction,光反應,,,2017-07-24
3167500,light year,光年{長度單位},,,2017-07-24
3167501,line of force,力線；場線,,,2017-07-24
3167502,liquid,液體,,,2017-07-24
3167503,liquid crystal,液晶；液態晶體,,,2017-07-24
3167504,liquid crystal display{=LCD},液晶顯示器,,,2017-07-24
3167505,local group,本星系群,,,2017-07-24
3167506,locus,軌跡,,,2017-07-24
3167507,long range order,長程序,,,2017-07-24
3167508,longitudinal wave,縱波,,,2017-07-24
3167509,loop,迴路；迴圈,,,2017-07-24
3167510,Lorentz factor,勞侖茲因子,,,2017-07-24
3167511,Lorentz transformation,勞侖茲變換,,,2017-07-24
3167512,loudness,響度,,,2017-07-24
3167513,low energy electron diffraction{=LEED},低能電子繞射,,,2017-07-24
3167514,luminescence,冷光,,,2017-07-24
3167515,luminous flux,光通量,,,2017-07-24
3167516,luminous intensity,光強度,,20220531修訂,2022-07-15
3167517,Lyman series,來曼系,,,2017-07-24
3167518,lyotropic liquid crystal,溶致液晶,,,2017-07-24
3167519,Mach angle,馬赫角,,,2017-07-24
3167520,Mach number,馬赫數,,,2017-07-24
3167521,magnesia,氧化鎂,,,2017-07-24
3167522,magnet,磁體；磁鐵,,,2017-07-24
3167523,magnetic declination,磁偏角,,,2017-07-24
3167524,magnetic domain,磁域,,,2017-07-24
3167525,magnetic field,磁場,,,2017-07-24
3167526,magnetic flux,磁通量,,,2017-07-24
3167527,magnetic force,磁力,,,2017-07-24
3167528,magnetic induction,磁感應；磁感應強度,,,2017-07-24
3167529,magnetic pole,磁極,,,2017-07-24
3167530,magnetic resonance imaging{=MRI},磁振造影,,,2017-07-24
3167531,magnetite,磁鐵礦,,,2017-07-24
3167532,magnification,放大；放大率,,,2017-07-24
3167533,Mars,火星,,,2017-07-24
3167534,mass,質量,,,2017-07-24
3167535,mass flow rate,質量流率,,,2017-07-24
3167536,mass number,質量數,,,2017-07-24
3167537,mass spectrograph,質譜儀,,,2017-07-24
3167538,matter wave,物質波,,,2017-07-24
3167539,mean lifetime,平均壽命,,,2017-07-24
3167540,mechanical energy,力學能,,,2017-07-24
3167541,mechanical equivalent of heat,熱功當量,,,2017-07-24
3167542,mechanical wave,力學波,,,2017-07-24
3167543,medium,介質,,,2017-07-24
3167544,melting point,熔點,,,2017-07-24
3167545,Mercury,水星,,,2017-07-24
3167546,meson,介子,,,2017-07-24
3167547,mesophase,介相；中[間]相,,,2017-07-24
3167548,mesoscopic physics,介觀物理；中觀物理,,,2017-07-24
3167549,metastable state,準穩態,,,2017-07-24
3167550,meter,公尺；米{長度單位}；量計,,,2017-07-24
3167551,metre,公尺{長度單位},,,2017-07-24
3167552,Michelson interferometer,邁克生干涉儀,,,2017-07-24
3167553,micrometer{=micron},測微計；微米,,,2017-07-24
3167554,micron,微米,,,2017-07-24
3167555,microwave,微波,,,2017-07-24
3167556,Milky Way,銀河[系],,,2017-07-24
3167557,milligram,毫克,,,2017-07-24
3167558,millimeter,毫米{長度單位},,,2017-07-24
3167559,mirror reflection,鏡反射,,,2017-07-24
3167560,moderator,緩和劑,,,2017-07-24
3167561,modern physics,近代物理[學],,,2017-07-24
3167562,mole,莫耳 {物量單位},,,2017-07-24
3167563,moment of inertia,轉動慣量,,,2017-07-24
3167564,momentum,動量,,,2017-07-24
3167565,monochromatic light,單色光,,,2017-07-24
3167566,motion,[運]動,,,2017-07-24
3167567,motor,發動機；馬達,,,2017-07-24
3167568,MRI{magnetic resonance imaging},磁振造影,,,2017-07-24
3167569,muon,緲子,,,2017-07-24
3167570,musical sound,樂音,,,2017-07-24
3167571,myopia,近視,,,2017-07-24
3167572,nanometer{=nm},奈米,,,2017-07-24
3167573,natural frequency,固有頻率,,,2017-07-24
3167574,nebula,星雲,,,2017-07-24
3167575,negative charge,負電荷,,,2017-07-24
3167576,negative pressure,負壓,,,2017-07-24
3167577,nematic liquid crystal,向列型液晶,,,2017-07-24
3167578,Neptune,海王星,,,2017-07-24
3167579,neutrino,微中子,,,2017-07-24
3167580,neutron,中子,,,2017-07-24
3167581,Newton,牛頓,,,2017-07-24
3167582,nm {nanometer},奈米,,,2017-07-24
3167583,node,[波]節；結點,,,2017-07-24
3167584,noise,噪音；雜訊,,,2017-07-24
3167585,normal,法線,,,2017-07-24
3167586,normal acceleration,法向加速度,,,2017-07-24
3167587,normal force,正向力；法向力,,,2017-07-24
3167588,north pole,北極,,,2017-07-24
3167589,north seeking pole,指北極,,,2017-07-24
3167590,n-type semiconductor,n型半導體,,,2017-07-24
3167591,nuclear decay,核衰變,,,2017-07-24
3167592,nuclear energy,核能,,,2017-07-24
3167593,nuclear fission,核分裂；核裂變,,,2017-07-24
3167594,nuclear force,核力,,,2017-07-24
3167595,nuclear fusion,核融合,,20191113,2019-11-13
3167596,nuclear magnetic resonance,核磁共振,,,2017-07-24
3167597,nuclear magnetic resonance imaging,核磁共振造影,,,2017-07-24
3167598,nuclear pile,核反應堆,,,2017-07-24
3167599,nucleon,核子,,,2017-07-24
3167600,object distance,物距,,,2017-07-24
3167601,objective lens,物鏡,,,2017-07-24
3167602,oblique collision,斜碰撞,,,2017-07-24
3167603,ohm,歐姆{電阻單位},,,2017-07-24
3167604,Ohm's law,歐姆定律,,,2017-07-24
3167605,open circuit,開路,,,2017-07-24
3167606,open cluster,疏散星團,,,2017-07-24
3167607,optical fiber,光[學]纖[維],,,2017-07-24
3167608,optical spectrum,光譜,,,2017-07-24
3167609,order,序；級；階,,,2017-07-24
3167610,origin,原點；起源,,,2017-07-24
3167611,oscillator,振盪器；振子,,,2017-07-24
3167612,out of phase,異相,,,2017-07-24
3167613,parabolic mirror,拋物面鏡,,,2017-07-24
3167614,parallel,平行；並聯,,,2017-07-24
3167615,paraxial ray,近軸光線,,,2017-07-24
3167616,parsec,秒差距,,,2017-07-24
3167617,particle,質點；粒子,,,2017-07-24
3167618,Paschen series,帕申系,,,2017-07-24
3167619,path,路程；路徑,,,2017-07-24
3167620,path difference,路程差,,,2017-07-24
3167621,perfect diamagnetism,完全抗磁性,,,2017-07-24
3167622,period,周期,,,2017-07-24
3167623,permeability,磁導率； 滲透率,,,2017-07-24
3167624,phase diagram,相圖,,,2017-07-24
3167625,phase transition,相變,,,2017-07-24
3167626,photoconductive effect,光電導效應,,,2017-07-24
3167627,photoelectric effect,光電效應,,,2017-07-24
3167628,photoelectron,光電子,,,2017-07-24
3167629,photon,光子,,,2017-07-24
3167630,phototube,光電管,,,2017-07-24
3167631,physical quantity,物理量,,,2017-07-24
3167632,Physics,物理[學],,,2017-07-24
3167633,pixel,像素,,,2017-07-24
3167634,Planck constant,普朗克常數,,,2017-07-24
3167635,planet,行星,,,2017-07-24
3167636,plasma,電漿；電離體,,,2017-07-24
3167637,Pluto,冥王星,,,2017-07-24
3167638,p-n junction,p-n接面,,,2017-07-24
3167639,point mass,質點,,,2017-07-24
3167640,point particle,點粒子,,,2017-07-24
3167641,polarization,偏振；[電]極化,,,2017-07-24
3167642,pole strength,[磁]極強[度],,,2017-07-24
3167643,population inversion,居量逆轉,,,2017-07-24
3167644,position,位置,,,2017-07-24
3167645,position vector,位置向量,,,2017-07-24
3167646,positive charge,正電荷,,,2017-07-24
3167647,potential difference,電位差；電勢差,,,2017-07-24
3167648,potential drop,電位降；電勢降,,,2017-07-24
3167649,potential energy,位能；勢能,,,2017-07-24
3167650,power,功率；率；本領；冪次；動力,,,2017-07-24
3167651,precession,進動,,,2017-07-24
3167652,pressure,壓[力],,,2017-07-24
3167653,primary coil,主[線]圈,,,2017-07-24
3167654,primary rainbow,虹,,,2017-07-24
3167655,principal axis,主軸,,,2017-07-24
3167656,principle of complementarity,互補原理,,,2017-07-24
3167657,projectile motion,拋體運動,,,2017-07-24
3167658,proton,質子,,,2017-07-24
3167659,p-type semiconductor,p型半導體,,,2017-07-24
3167660,pulse,脈衝[波],,,2017-07-24
3167661,pump,泵；幫浦,,,2017-07-24
3167662,quantization,量子化,,,2017-07-24
3167663,quantum,量子,,,2017-07-24
3167664,quantum effect,量子效應,,,2017-07-24
3167665,quantum number,量子數,,,2017-07-24
3167666,quantum theory,量子論,,,2017-07-24
3167667,quark,夸克,,,2017-07-24
3167668,radar,雷達,,,2017-07-24
3167669,radian,弧度,,,2017-07-24
3167670,radiation,輻射,,,2017-07-24
3167671,radio frequency,射頻,,,2017-07-24
3167672,radio wave,無線電波,,,2017-07-24
3167673,radioactivity,放射性,,,2017-07-24
3167674,radius of curvature,曲率半徑,,,2017-07-24
3167675,radius of gyration,迴轉半徑,,,2017-07-24
3167676,random,無規；隨機,,,2017-07-24
3167677,rarefaction,稀疏；疏部,,,2017-07-24
3167678,rarefaction wave,稀疏波,,,2017-07-24
3167679,ray,線；射線,,,2017-07-24
3167680,ray optics,線光學；幾何光學,,,2017-07-24
3167681,Rayleigh scattering,瑞立散射,,,2017-07-24
3167682,reaction,反作用；反應,,,2017-07-24
3167683,reaction force,反作用力,,,2017-07-24
3167684,real image,實像,,,2017-07-24
3167685,rectangular coordinates,直角坐標,,,2017-07-24
3167686,rectification,整流,,,2017-07-24
3167687,rectifier,整流器,,,2017-07-24
3167688,red shift,紅移,,,2017-07-24
3167689,reflection,反射,,,2017-07-24
3167690,reflector,反射器；反射鏡,,,2017-07-24
3167691,refraction,折射,,,2017-07-24
3167692,refrigerator,致冷機；冷凍機,,,2017-07-24
3167693,relative index of refraction,相對折射率,,,2017-07-24
3167694,relativistic mass,相對論性質量,,,2017-07-24
3167695,resistivity,電阻率,,,2017-07-24
3167696,resistor,電阻[器],,,2017-07-24
3167697,resonance,共振；共鳴,,,2017-07-24
3167698,rest energy,靜止能[量],,,2017-07-24
3167699,restoring force,回復力,,,2017-07-24
3167700,retrograde motion,逆行,,,2017-07-24
3167701,reverse bias,反[向]偏壓,,,2017-07-24
3167702,right ascension,赤經,,,2017-07-24
3167703,rigid body,剛體,,,2017-07-24
3167704,root-mean-square speed,方均根速率,,,2017-07-24
3167705,rotation,轉動；旋轉； 自轉 ；旋光[本領],,,2017-07-24
3167706,ruby laser,紅寶石雷射,,,2017-07-24
3167707,Rydberg constant,芮得柏常數,,,2017-07-24
3167708,satellite,衛星；伴線,,,2017-07-24
3167709,Saturn,土星,,,2017-07-24
3167710,scalar,純量,,,2017-07-24
3167711,scanning tunneling microscope{=STM},掃描穿隧顯微儀,,,2017-07-24
3167712,scattering,散射,,,2017-07-24
3167713,second,秒,,,2017-07-24
3167714,secondary coil,副[線]圈,,,2017-07-24
3167715,secondary electron,二次電子,,,2017-07-24
3167716,secondary rainbow,霓,,,2017-07-24
3167717,semiconductor,半導體,,,2017-07-24
3167718,semiconductor laser,半導體雷射,,,2017-07-24
3167719,series,系；級數,,,2017-07-24
3167720,series connection,串聯,,,2017-07-24
3167721,SHM {simple harmonic motion},簡諧運動,,,2017-07-24
3167722,shock wave,[爆]震波,,,2017-07-24
3167723,short circuit,短路,,,2017-07-24
3167724,SI{=Système International d'Unités},國際單位制,,,2017-07-24
3167725,sinusoidal wave,正弦波,,,2017-07-24
3167726,smectic liquid crystal,層列型液晶,,,2017-07-24
3167727,Snell's law,司乃耳定律,,,2017-07-24
3167728,solar wind,太陽風,,,2017-07-24
3167729,solenoid,螺線管,,,2017-07-24
3167730,solid,固體,,,2017-07-24
3167731,solid angle,立體角,,,2017-07-24
3167732,solid state,固態,,,2017-07-24
3167733,sonar,聲納,,,2017-07-24
3167734,sound wave,聲波,,,2017-07-24
3167735,source,源；源極,,,2017-07-24
3167736,south pole,南極,,,2017-07-24
3167737,special relativity,狹義相對論,,,2017-07-24
3167738,special theory of relativity,狹義相對論,,,2017-07-24
3167739,specific heat,比熱,,,2017-07-24
3167740,specific heat capacity,比熱,,,2017-07-24
3167741,specific weight,比重,,,2017-07-24
3167742,spectral line,[光]譜線,,,2017-07-24
3167743,spectrometer,[光]譜儀；[光]譜計,,,2017-07-24
3167744,spectrum,光譜；譜,,,2017-07-24
3167745,specular reflection,鏡面反射,,,2017-07-24
3167746,speed,速率,,,2017-07-24
3167747,speed of sound,聲速,,,2017-07-24
3167748,spherical aberration,球面像差,,,2017-07-24
3167749,spherical lens,球面透鏡,,,2017-07-24
3167750,spherical mirror,球面鏡,,,2017-07-24
3167751,spin,自旋,,,2017-07-24
3167752,spontaneous emission,自發發射,,,2017-07-24
3167753,spontaneous radiation,自發輻射,,,2017-07-24
3167754,spring constant,彈性常數,,,2017-07-24
3167755,SQUID{superconducting quantum interference device },超導量子干涉儀,,,2017-07-24
3167756,standing wave,駐波,,,2017-07-24
3167757,star,星；恆星,,,2017-07-24
3167758,state,態；狀態,,,2017-07-24
3167759,state function,態函數,,,2017-07-24
3167760,static equilibrium,靜力平衡,,,2017-07-24
3167761,static friction,靜摩擦,,,2017-07-24
3167762,statics,靜力學,,,2017-07-24
3167763,stationary state,定態,,,2017-07-24
3167764,steady flow,穩流,,,2017-07-24
3167765,steam engine,蒸汽機,,,2017-07-24
3167766,stellar cluster,星團,,,2017-07-24
3167767,stimulated emission,受激發射,,,2017-07-24
3167768,STM{scanning tunneling microscope},掃描穿隧顯微儀,,,2017-07-24
3167769,strong interaction,強[交互]作用,,,2017-07-24
3167770,sublimation,昇華,,,2017-07-24
3167771,subsonic speed,次音速；次聲速,,,2017-07-24
3167772,Sun,日；太陽,,,2017-07-24
3167773,sunspot,日斑；太陽黑子,,,2017-07-24
3167774,superconducting quantum interference device {=SQUID},超導量子干涉儀,,,2017-07-24
3167775,superconductivity,超導[性],,,2017-07-24
3167776,superconductor,超導體,,,2017-07-24
3167777,surface tension,表面張力；表面抗張,,,2017-07-24
3167778,system,系[統]；體系,,,2017-07-24
3167779,tangential acceleration,切向加速度,,,2017-07-24
3167780,temperature,溫度,,,2017-07-24
3167781,tension,張力；抗張力,,,2017-07-24
3167782,terminal velocity,終端速度,,,2017-07-24
3167783,test charge,測試電荷,,,2017-07-24
3167784,thermal energy,熱能,,,2017-07-24
3167785,thermal equilibrium,熱平衡,,,2017-07-24
3167786,thermal expansion,熱膨脹,,,2017-07-24
3167787,thermocouple,熱電偶；溫差電偶,,,2017-07-24
3167788,thermometer,溫度計,,,2017-07-24
3167789,thermotropic liquid crystal,熱致液晶,,,2017-07-24
3167790,thin lens,薄透鏡,,,2017-07-24
3167791,three primary colors,三原色,,,2017-07-24
3167792,threshold frequency,底限頻率；閾值頻率,,,2017-07-24
3167793,timbre,音品；音色,,,2017-07-24
3167794,time,時；時刻；時間,,,2017-07-24
3167795,time dilatation,時間膨脹,,,2017-07-24
3167796,time dilation,時間膨脹,,,2017-07-24
3167797,time interval,時間[間隔]；時段,,,2017-07-24
3167798,toroid,環管,,,2017-07-24
3167799,torque,力矩,,,2017-07-24
3167800,torr,托 (mmHg),,,2017-07-24
3167801,torsion balance,扭秤,,,2017-07-24
3167802,torsion constant,扭轉常數,,,2017-07-24
3167803,total internal reflection,全[内]反射,,,2017-07-24
3167804,total reflection,全反射,,,2017-07-24
3167805,trajectory,軌跡；彈道,,,2017-07-24
3167806,transformer,變壓器,,,2017-07-24
3167807,transistor,電晶體,,,2017-07-24
3167808,transition,相變；躍遷；轉變,,,2017-07-24
3167809,transition element,過渡元素,,,2017-07-24
3167810,transition temperature,相變溫度,,,2017-07-24
3167811,translation,平移,,,2017-07-24
3167812,translational motion,平移,,,2017-07-24
3167813,transmitted wave,透射波；發射波,,,2017-07-24
3167814,transverse wave,橫波,,,2017-07-24
3167815,traveling wave,行進波,,,2017-07-24
3167816,triple point,三相點,,,2017-07-24
3167817,trough,[波]谷；槽,,,2017-07-24
3167818,tunnelling effect,穿隧效應,,,2017-07-24
3167819,turbulent flow,亂流,,,2017-07-24
3167820,UHF{ultra high frequency},超高頻,,,2017-07-24
3167821,ultra high frequency {=UHF},超高頻,,,2017-07-24
3167822,ultraviolet,紫外光；紫外線,,,2017-07-24
3167823,ultraviolet ray,紫外線,,,2017-07-24
3167824,uniform circular motion,等速圓周運動,,,2017-07-24
3167825,unit,單位；單元,,,2017-07-24
3167826,up quark,上夸克,,,2017-07-24
3167827,uranium,鈾,,,2017-07-24
3167828,Uranus,天王星,,,2017-07-24
3167829,valence band,價帶,,,2017-07-24
3167830,vaporization,汽化,,,2017-07-24
3167831,variable star,變星,,,2017-07-24
3167832,vector,向量,,,2017-07-24
3167833,velocity,速度,,,2017-07-24
3167834,Venus,金星,,,2017-07-24
3167835,vernal equinox,春分；春分點,,,2017-07-24
3167836,vernier,游標,,,2017-07-24
3167837,vertex of mirror,鏡頂,,,2017-07-24
3167838,very high frequency {=VHF},特高頻,,,2017-07-24
3167839,VHF{very high frequency},特高頻,,,2017-07-24
3167840,vibration,振動,,,2017-07-24
3167841,vibrator,振動器；振動體,,,2017-07-24
3167842,Virgo cluster,室女[座]星系團,,,2017-07-24
3167843,virtual image,虛像,,,2017-07-24
3167844,visible light,可見光,,,2017-07-24
3167845,visual persistence,視覺暫留,,,2017-07-24
3167846,volt,伏[特],,,2017-07-24
3167847,voltage,電壓,,,2017-07-24
3167848,voltmeter,伏特計；電壓計,,,2017-07-24
3167849,volume flow rate,體積流率,,,2017-07-24
3167850,wafer,晶圓,,,2017-07-24
3167851,wake,尾流,,,2017-07-24
3167852,watt,瓦[特]{單位},,,2017-07-24
3167853,wave,波,,,2017-07-24
3167854,wave crest,波峰,,,2017-07-24
3167855,wave front,波前,,,2017-07-24
3167856,wave mechanics,波動力學,,,2017-07-24
3167857,wave motion,波動,,,2017-07-24
3167858,wave optics,波[動]光學,,,2017-07-24
3167859,wave packet,波包,,,2017-07-24
3167860,wave train,波列,,,2017-07-24
3167861,wave trough,波谷,,,2017-07-24
3167862,wave velocity,波速[度],,,2017-07-24
3167863,wavelength,波長,,,2017-07-24
3167864,wavelet,子波,,,2017-07-24
3167865,wave-particle duality,波粒二象性,,,2017-07-24
3167866,weak interaction,弱[交互]作用,,,2017-07-24
3167867,weber,韋伯{單位},,,2017-07-24
3167868,weight,重；重量；權重,,,2017-07-24
3167869,weightlessness,失重,,,2017-07-24
3167870,wetting,潤濕,,,2017-07-24
3167871,work,功,,,2017-07-24
3167872,work function,功函數,,,2017-07-24
3167873,work-kinetic energy theorem,功能定理,,,2017-07-24
3167874,X-ray,X射線,,,2017-07-24
3167875,α particle,α粒子,,,2017-07-24
3167876,γ-ray,γ射線,,,2017-07-24
